NOME,PREÇO
"iphone X Apple Cinza Espacial, Tela de 5,8"", 4G, 64 GB, Câmera de 12 MP","R$4.699,99"
"iphone X Apple Cinza Espacial, Tela de 5,8"", 4G, 64 GB, Câmera de 12 MP","R$7.999,00"
"iPhone XS Max, Apple, 256GB, Dourado","R$5.999,99"
"iPhone XS Max, Apple, 256GB, Dourado","R$7.999,99"
"Apple iPhone 8 Cinza Espacial 64GB com 4,7"", iOS 11, Processador A11, 4G, Câmera de 12 MP Desbloqueado","R$3.799,99"
"iPhone 8 Apple Dourado com Tela de 4,7"", 4G, 64 GB e Câmera de 12 MP","R$3.359,88"
"iPhone 8 Apple Dourado com Tela de 4,7"", 4G, 64 GB e Câmera de 12 MP","R$3.466,98"
Celular Apple iPhone 11 64gb / Tela 6.1'' / 12MP / iOS 13,"R$4.449,00"
Celular Apple iPhone 11 64gb / Tela 6.1'' / 12MP / iOS 13,"R$4.480,00"
"iphone X Apple Cinza Espacial, Tela de 5,8"", 4G, 256 GG, Câmera de 12 MP","R$4.799,90"
"iphone X Apple Cinza Espacial, Tela de 5,8"", 4G, 256 GG, Câmera de 12 MP","R$8.999,00"
iPhone Xs Max Apple 64GB Tela Super Retina 6.5'' iOS CÃ¢mera 12MP Cinza Espacial MT502BZ/A,"R$5.299,99"
"iPhone 7 Plus Apple Ouro Rosa, com Tela de 5,5"", 4G, 32 GB e Câmera de 12 MP","R$3.099,90"
"iPhone 7 Plus Apple Ouro Rosa, com Tela de 5,5"", 4G, 32 GB e Câmera de 12 MP","R$4.249,00"
"iPhone 8 Plus Apple 64GB Cinza Espacial Tela Retina HD 5,5  IOS 11 4G e Camera de 12 MP","R$4.010,48"
"iPhone 8 Plus Apple 64GB Cinza Espacial Tela Retina HD 5,5  IOS 11 4G e Camera de 12 MP","R$4.847,61"
iPhone X Review: An Honest Review If You Need iPhone X And iOs 11 User's Guide: (Updated) (English Edition),"R$0,00"
iPhone X Review: An Honest Review If You Need iPhone X And iOs 11 User's Guide: (Updated) (English Edition),"R$31,42"
"Smartphone, Apple, iPhone 7 MN912BR/A, 32 GB, 4.7'', Rosa/Dourado","R$2.339,99"
"Smartphone, Apple, iPhone 7 MN912BR/A, 32 GB, 4.7'', Rosa/Dourado","R$3.199,00"
Capa Capinha Case Para Apple Iphone 6S Silicone 4.7 Preta,"R$13,99"
Iphone 8 64gb Cinza Espacial Novo Lacrado,"R$3.199,00"
Iphone 8 64gb Cinza Espacial Novo Lacrado,"R$4.299,00"
